{"intrinsics": [[184.154464277692, 0.0, 316.67743015736147], [0.0, 184.6564527343103, 228.72748497863157], [0.0, 0.0, 1.0]], "distortion": [[0.077580111604426], [-0.05514079198564283], [0.01565111217616873], [-0.0017788274215453732]]}