{"intrinsics": [[186.84352692936497, 0.0, 318.14132200183377], [0.0, 187.00982722990244, 231.48274813397654], [0.0, 0.0, 1.0]], "distortion": [[0.049331387143485554], [0.005538366986347573], [-0.05638234183662259], [0.029586063895442726]]}